step,operator,chosen_backend,confidence,reason,prompt_sha256,time
2,UNKNOWN,deepseek,0.900,"deepseek is optimized for code generation and debugging, making it most likely to produce correct, high-quality Python code for this bin packing priority function.",07e26d7ea29742f86de3328b60a6d869b4f07c2b4197ace85bd8d8e09b537e90,1773067608.830
2,UNKNOWN,deepseek,0.800,"deepseek excels at producing correct, high-quality Python code for targeted function implementation, which matches the task of writing the specified priority function.",07e26d7ea29742f86de3328b60a6d869b4f07c2b4197ace85bd8d8e09b537e90,1773067609.494
4,UNKNOWN,deepseek,0.800,"Deepseek excels at code generation and debugging, making it the optimal choice for implementing the correct Python priority function for the online bin packing task as requested.",07e26d7ea29742f86de3328b60a6d869b4f07c2b4197ace85bd8d8e09b537e90,1773067637.147
4,UNKNOWN,qwen,0.900,"Qwen excels at long-context restructuring and high-quality code generation, which fits the task of inventing a new online bin packing priority heuristic and implementing the corresponding Python code,",07e26d7ea29742f86de3328b60a6d869b4f07c2b4197ace85bd8d8e09b537e90,1773067657.049
6,UNKNOWN,deepseek,0.850,"Deepseek excels at generating correct numerical Python code and has better past performance on similar unknown bin packing-related tasks than Qwen, with no prior usage data for Doubao.",07e26d7ea29742f86de3328b60a6d869b4f07c2b4197ace85bd8d8e09b537e90,1773067673.509
6,UNKNOWN,doubao,0.800,"This heuristic program evolution task requires generating variants of the bin packing priority function, which aligns with doubao's strength in low-cost fast exploration and variant generation.",07e26d7ea29742f86de3328b60a6d869b4f07c2b4197ace85bd8d8e09b537e90,1773067676.074
8,UNKNOWN,deepseek,0.750,"Deepseek has the most historical usage for this UNKNOWN operator with a higher meanR than Qwen, and is well-suited for generating correct Python code for this bin packing priority function.",07e26d7ea29742f86de3328b60a6d869b4f07c2b4197ace85bd8d8e09b537e90,1773067694.012
8,UNKNOWN,doubao,0.850,"Doubao is optimized for fast exploration and generating heuristic variants, which aligns with the heuristic program evolution task, and has the highest historical meanR for UNKNOWN operator jobs.",07e26d7ea29742f86de3328b60a6d869b4f07c2b4197ace85bd8d8e09b537e90,1773067706.020
9,UNKNOWN,doubao,0.850,"Doubao excels at fast exploration and code variant generation, aligning with heuristic program evolution, and has the highest historical meanR for unknown operator tasks.",07e26d7ea29742f86de3328b60a6d869b4f07c2b4197ace85bd8d8e09b537e90,1773067719.843
11,UNKNOWN,doubao,0.820,"Doubao excels at fast heuristic variant generation, aligning with the heuristic program evolution task, and has the highest historical meanR in similar unknown bin packing tasks.",07e26d7ea29742f86de3328b60a6d869b4f07c2b4197ace85bd8d8e09b537e90,1773067743.309
11,UNKNOWN,doubao,0.850,"Doubao has the highest historical meanR for the UNKNOWN category, and is optimized for fast exploration and generating heuristic variants suitable for this bin packing priority function task.",07e26d7ea29742f86de3328b60a6d869b4f07c2b4197ace85bd8d8e09b537e90,1773067755.150
13,E1,deepseek,0.900,"Deepseek excels at generating correct, high-quality Python code using numpy, which is required for implementing the bin packing priority function, and can properly develop the distinct new heuristic.",5a2035b95be1f95a28c81a0ac5474b8223136964c5e9ad12c3b1aea9f2ff4eaa,1773067785.223
13,E1,deepseek,0.850,"Deepseek excels at code generation and debugging, making it ideal for producing correct, high-quality numpy-based Python functions for this heuristic programming task.",d5fbadfea68936280db7b776678c97b6bcac1f51948d6f97fb0a78d3fdac118d,1773067792.869
15,E2,doubao,0.850,"Doubao is optimized for fast exploration and generation of algorithm variants, which matches the requirement of creating a new distinct bin packing priority algorithm motivated by the provided existin",bc9a2964839c52bbbae7350f8c22838e87fbdf7ed5c427c7dfed844454741033,1773067815.315
15,E2,doubao,0.800,"Doubao excels at fast generation of algorithm variants, which aligns with creating a new distinct bin packing priority heuristic based on the common backbone of the provided algorithms, and can produc",988bb52f4962585bc01c1067c86431d19005f6fca2d845c1e1a241c6ffd08e57,1773067817.935
17,M1,doubao,0.900,"Doubao is optimized for fast exploration and generating variant algorithms, which matches the task of creating a modified variant of the given bin packing priority function.",4a2537de458ed74d185c2d574467025c729f356b55941b4dfea3b9a852d3d158,1773067852.554
17,M1,doubao,0.850,"Doubao excels at fast exploration and generating algorithm variants, fitting this task of modifying the given bin packing priority logic.",4762aed97f5b6d708d3a60f9478dc959af579b1302e9f2d7b00d992ddacfa0bb,1773067857.513
19,M2,deepseek,0.850,"This task requires modifying an existing Python priority function for bin packing, aligning with deepseek's strengths in local code edits and generating correct, high-quality code improvements.",22aabfdcc0cfb5583aa86ff1dd91bf17c23b9846c5db215901479521dd76d51f,1773067878.165
19,M2,deepseek,0.900,"This task requires a targeted local edit to modify the priority scoring function's parameters, which matches deepseek's strengths in code fixes and local code improvements.",22aabfdcc0cfb5583aa86ff1dd91bf17c23b9846c5db215901479521dd76d51f,1773067880.974
21,E1,doubao,0.850,"The task requires creating a completely different priority algorithm from the provided identical ones, which aligns with doubao's strength in fast exploration and generating variant heuristics.",7f38762caa95883f5c34967eb5ccea797f00358805db0eaa5458b824856fb6b2,1773067904.512
21,E1,doubao,0.800,"Doubao is optimized for fast exploration of algorithm variants, which matches the requirement of creating a totally new priority function distinct from the three provided algorithms, and has stronger ",5a2035b95be1f95a28c81a0ac5474b8223136964c5e9ad12c3b1aea9f2ff4eaa,1773067905.810
23,E2,doubao,0.850,"Doubao excels at generating algorithm variants, aligning with this task's need for a new bin packing priority function, and has prior E2 task performance data.",bc9a2964839c52bbbae7350f8c22838e87fbdf7ed5c427c7dfed844454741033,1773067938.446
23,E2,doubao,0.850,"Doubao is optimized for fast exploration and generating algorithm variants, matching the E2 task of creating a new distinct bin packing priority heuristic with prior successful E2 usage.",8ba423b76c639115d34b74d1f90183b975ae8e1021968b62e5fc47142ecce35c,1773067940.454
25,M1,doubao,0.900,"Doubao excels at fast exploration and generating code variants, matching the task of creating a modified bin packing priority algorithm, with strong historical performance for M1 operator tasks.",5679753838f7c7e30bfa7a085b2e28f09a87e3e7ab833b7aa8cee9b63d207863,1773067972.624
25,M1,doubao,0.900,"Doubao excels at fast exploration and generating algorithm variants, which matches the task of creating a modified version of the provided bin packing priority algorithm.",5679753838f7c7e30bfa7a085b2e28f09a87e3e7ab833b7aa8cee9b63d207863,1773067975.499
27,M2,deepseek,0.900,"This task requires local modification of an existing Python priority function, aligning with deepseek's strengths in code fixes and local edits, and deepseek has prior usage for M2 tasks.",22aabfdcc0cfb5583aa86ff1dd91bf17c23b9846c5db215901479521dd76d51f,1773068000.659
27,M2,deepseek,0.900,"This task requires a local edit to an existing Python priority function for the M2 operator, and deepseek has prior successful usage for M2 tasks with strong code debugging and editing capabilities.",1e76111ec9bf73348af74f96f31981ecfdd3304b7c389928088600d74bc4d983,1773068002.254
29,E1,deepseek,0.850,"E1 has historical routing data showing deepseek achieves a higher (less negative) meanR than doubao, and deepseek is well-suited for writing correct, targeted Python code for bin packing priority func",1ff857b22eb0aaddfaa99ac722829544af741a9c014583a9a590cd2358791603,1773068024.044
29,E1,deepseek,0.900,"Historical E1 routing data shows deepseek has a higher meanR (better performance) than doubao, making it the most suitable for this code generation task.",5e7efc4abbd76906dbd6e207065383b6ed5f5191211ac96894631ef162689f0e,1773068026.957
31,E2,doubao,0.850,"This task fits doubao's strength in fast exploration of algorithm variants for heuristic program evolution (E2 operator), and has prior valid E2 usage history with solid relative performance.",7cd7a94615763ef8e842bbe726588b10a3591bc2694d6d4c38cad33982d8a462,1773068052.776
31,E2,doubao,0.850,"This task requires generating a novel priority algorithm variant aligned with existing bin packing heuristics, which matches doubao's strength for fast exploration and variant generation per provided ",4350f8f315750c523e65dc5a5200c69d7025d757856f003370ab28f26a2435ab,1773068055.425
32,M1,doubao,0.900,"Doubao is designed for fast exploration of code variants, and has the best historical performance for M1 operator tasks.",e38c486f7df9e80537674e1061f2d5fee8609b71bbd2bc95718f749d547f2ce8,1773068089.082
33,M1,deepseek,0.900,"Task requires modifying existing Python priority function code, aligning with deepseek's strength in local code edits and fixes.",e38c486f7df9e80537674e1061f2d5fee8609b71bbd2bc95718f749d547f2ce8,1773068096.567
34,M2,deepseek,0.900,"This task requires local edits to an existing Python code function for the M2 operator, matching deepseek's strengths in code fixes and local modifications, consistent with prior M2 routing history.",373dd93ed3fd4bf7999aa7cf0b318a6f40746429ed3ba7250580cb6d26372647,1773068104.879
35,M2,deepseek,0.900,"Task requires local modification of an existing Python priority function, aligning with deepseek's strengths in code fixes and local edits, with prior successful M2 routing history.",22aabfdcc0cfb5583aa86ff1dd91bf17c23b9846c5db215901479521dd76d51f,1773068114.757
37,E1,deepseek,0.900,Deepseek has the most proven historical performance for the E1 operator and is well-suited for this code generation task.,c6e9405dae7d4b3829bedb736a55a4f7918859fa55d4883b467e95c184749e08,1773068127.168
37,E1,deepseek,0.920,"For the E1 operator, deepseek has the highest historical mean reward among available backends, and is optimized for generating correct, high-quality Python code for this bin packing priority function ",c36d59c1442d16cf98ad462912f9e837347080944bf5c820e88326666aa82bfd,1773068132.660
39,E2,doubao,0.850,"Doubao excels at generating algorithm variants and has 6 prior successful runs on E2 operator tasks, making it the optimal choice for this new priority function implementation.",2c807fd6d3f3f8d3401013714488aa0f9aaadcd594216b02e660fa7aa3b1a437,1773068160.358
39,E2,deepseek,0.850,"Deepseek excels at code generation, debugging, and local numerical code edits, which perfectly matches the task of implementing a correct numpy-based priority function derived from the existing algori",0679888a084525b4167e1bde8f9466b2eb6f68bc8f755f436494b47f39ac0496,1773068164.932
40,M1,doubao,0.870,"Doubao is optimized for generating algorithm variants, and has the highest meanR score for M1 historical tasks matching this code generation request.",4762aed97f5b6d708d3a60f9478dc959af579b1302e9f2d7b00d992ddacfa0bb,1773068185.734
42,M1,doubao,0.850,"Doubao excels at generating algorithm variants, and historical M1 routing data shows it outperforms other backends for this operator.",4762aed97f5b6d708d3a60f9478dc959af579b1302e9f2d7b00d992ddacfa0bb,1773068201.208
43,M2,deepseek,0.900,"Deepseek excels at local code edits and has prior successful M2 task performance, ideal for modifying the existing priority function.",1e76111ec9bf73348af74f96f31981ecfdd3304b7c389928088600d74bc4d983,1773068218.877
43,M2,deepseek,0.950,"This task requires local modification of an existing bin packing priority function, which matches deepseek's strengths in code fixes and precise local edits, and deepseek has prior successful usage fo",22aabfdcc0cfb5583aa86ff1dd91bf17c23b9846c5db215901479521dd76d51f,1773068221.058
45,E1,deepseek,0.920,"For the E1 operator, deepseek has the most prior successful runs with a higher mean reward than doubao, and it is well-suited for generating correct, numpy-based Python code for this heuristic priorit",1bb41564aee71a19020b87ec2aef6d1962591a0deeb534d9435320d5bf736f19,1773068241.206
45,E1,deepseek,0.900,"For E1 operator tasks, deepseek has the highest historical meanR and is well-suited for implementing correct Python code for bin packing priority functions.",398e727f6671832cf8c791434232c8ae5fec4b14350953bb8583eebdd920e63c,1773068241.743
47,E2,doubao,0.870,This E2 task requires generating a novel algorithm variant from existing code implementations. Doubao has the strongest historical performance on E2 tasks (highest meanR) and is optimized for fast exp,1ada6e77027414cf9bf1526f7af91128b0e7b2c08341fa476d1d11e733a787b0,1773068262.011
47,E2,doubao,0.880,"For E2 operator, doubao has the highest historical meanR and is optimized for generating algorithm variants, fitting this task.",094777ac60437f3e7070b0dd84d08cc7ed670701d4c9f6354b202839a1c38450,1773068263.338
48,M1,doubao,0.900,"This task requires generating a modified variant of an existing bin packing priority algorithm, which aligns with doubao's strength in fast exploration and variant generation, and historical M1 routin",b3eba0bef962161a74516aaad8e63cc5481da7f0eee4c5946568b9eac404f2dc,1773068289.910
49,M1,doubao,0.900,"M1 historical stats show doubao has higher meanR than deepseek, and doubao is optimized for generating code variants which matches the task of creating a modified priority algorithm.",4762aed97f5b6d708d3a60f9478dc959af579b1302e9f2d7b00d992ddacfa0bb,1773068295.721
50,M2,deepseek,0.950,"This task requires local modification of an existing Python bin packing priority function, which matches deepseek's strengths in code debugging and local edits, and deepseek has relevant historical ro",e342d4911441cee377fdb2013d1b62c11cef1e123d0e870162cb95c24d7d8b4b,1773068312.911
51,M2,deepseek,0.950,Deepseek has the most prior successful routing history for M2 operator tasks and excels at local code edits for this bin packing priority function work,22aabfdcc0cfb5583aa86ff1dd91bf17c23b9846c5db215901479521dd76d51f,1773068323.046
52,E1,deepseek,0.900,"For E1 operator, deepseek has the strongest historical performance with the highest meanR among available backends, and it excels at generating correct, high-quality Python code for numerical array pr",5bac0a008a62145390343b66ab6187d98c4f83a7c776b30973792f07cf8aa5df,1773068332.719
