method,phase,backend,seed,ok,best_score,best_program_sha256,best_program_path,time_start,time_end,error
replication,run,deepseek,0,True,-2091.6,dc937b59892604f5a86ac96936cd7ff09e25f18ae6b758e8014a24c7fa039e91,E:\_university\大四上\FP\LLM4AD\LLM4AD\MLEOH_3llm\all_results\20260304_195129\replication\eoh_obp_repro_3backends_20260304_195132\deepseek\seed_0\best_program.txt,2026-03-04T19:51:32,2026-03-04T19:54:56,
replication,run,deepseek,1,True,-2091.8,dc937b59892604f5a86ac96936cd7ff09e25f18ae6b758e8014a24c7fa039e91,E:\_university\大四上\FP\LLM4AD\LLM4AD\MLEOH_3llm\all_results\20260304_195129\replication\eoh_obp_repro_3backends_20260304_195132\deepseek\seed_1\best_program.txt,2026-03-04T19:54:56,2026-03-04T19:58:39,
replication,run,deepseek,2,True,-2091.4,dc937b59892604f5a86ac96936cd7ff09e25f18ae6b758e8014a24c7fa039e91,E:\_university\大四上\FP\LLM4AD\LLM4AD\MLEOH_3llm\all_results\20260304_195129\replication\eoh_obp_repro_3backends_20260304_195132\deepseek\seed_2\best_program.txt,2026-03-04T19:58:39,2026-03-04T20:03:05,
replication,run,deepseek,3,True,-2091.4,dc937b59892604f5a86ac96936cd7ff09e25f18ae6b758e8014a24c7fa039e91,E:\_university\大四上\FP\LLM4AD\LLM4AD\MLEOH_3llm\all_results\20260304_195129\replication\eoh_obp_repro_3backends_20260304_195132\deepseek\seed_3\best_program.txt,2026-03-04T20:03:05,2026-03-04T20:07:34,
replication,run,deepseek,4,True,-2091.8,dc937b59892604f5a86ac96936cd7ff09e25f18ae6b758e8014a24c7fa039e91,E:\_university\大四上\FP\LLM4AD\LLM4AD\MLEOH_3llm\all_results\20260304_195129\replication\eoh_obp_repro_3backends_20260304_195132\deepseek\seed_4\best_program.txt,2026-03-04T20:07:34,2026-03-04T20:12:04,
replication,run,qwen,0,True,-2088.8,dc937b59892604f5a86ac96936cd7ff09e25f18ae6b758e8014a24c7fa039e91,E:\_university\大四上\FP\LLM4AD\LLM4AD\MLEOH_3llm\all_results\20260304_195129\replication\eoh_obp_repro_3backends_20260304_195132\qwen\seed_0\best_program.txt,2026-03-04T20:12:04,2026-03-04T20:24:57,
replication,run,qwen,1,True,-2091.8,dc937b59892604f5a86ac96936cd7ff09e25f18ae6b758e8014a24c7fa039e91,E:\_university\大四上\FP\LLM4AD\LLM4AD\MLEOH_3llm\all_results\20260304_195129\replication\eoh_obp_repro_3backends_20260304_195132\qwen\seed_1\best_program.txt,2026-03-04T20:24:57,2026-03-04T20:38:34,
replication,run,qwen,2,True,-2091.8,dc937b59892604f5a86ac96936cd7ff09e25f18ae6b758e8014a24c7fa039e91,E:\_university\大四上\FP\LLM4AD\LLM4AD\MLEOH_3llm\all_results\20260304_195129\replication\eoh_obp_repro_3backends_20260304_195132\qwen\seed_2\best_program.txt,2026-03-04T20:38:34,2026-03-04T20:52:31,
replication,run,qwen,3,True,-2091.6,dc937b59892604f5a86ac96936cd7ff09e25f18ae6b758e8014a24c7fa039e91,E:\_university\大四上\FP\LLM4AD\LLM4AD\MLEOH_3llm\all_results\20260304_195129\replication\eoh_obp_repro_3backends_20260304_195132\qwen\seed_3\best_program.txt,2026-03-04T20:52:31,2026-03-04T21:05:42,
replication,run,qwen,4,True,-2091.8,dc937b59892604f5a86ac96936cd7ff09e25f18ae6b758e8014a24c7fa039e91,E:\_university\大四上\FP\LLM4AD\LLM4AD\MLEOH_3llm\all_results\20260304_195129\replication\eoh_obp_repro_3backends_20260304_195132\qwen\seed_4\best_program.txt,2026-03-04T21:05:42,2026-03-04T21:18:59,
replication,run,doubao,0,True,-2066.4,dc937b59892604f5a86ac96936cd7ff09e25f18ae6b758e8014a24c7fa039e91,E:\_university\大四上\FP\LLM4AD\LLM4AD\MLEOH_3llm\all_results\20260304_195129\replication\eoh_obp_repro_3backends_20260304_195132\doubao\seed_0\best_program.txt,2026-03-04T21:18:59,2026-03-04T21:24:57,
replication,run,doubao,1,True,-2066.4,dc937b59892604f5a86ac96936cd7ff09e25f18ae6b758e8014a24c7fa039e91,E:\_university\大四上\FP\LLM4AD\LLM4AD\MLEOH_3llm\all_results\20260304_195129\replication\eoh_obp_repro_3backends_20260304_195132\doubao\seed_1\best_program.txt,2026-03-04T21:24:57,2026-03-04T21:30:42,
replication,run,doubao,2,True,-2089.6,dc937b59892604f5a86ac96936cd7ff09e25f18ae6b758e8014a24c7fa039e91,E:\_university\大四上\FP\LLM4AD\LLM4AD\MLEOH_3llm\all_results\20260304_195129\replication\eoh_obp_repro_3backends_20260304_195132\doubao\seed_2\best_program.txt,2026-03-04T21:30:42,2026-03-04T21:36:29,
replication,run,doubao,3,True,-2089.6,dc937b59892604f5a86ac96936cd7ff09e25f18ae6b758e8014a24c7fa039e91,E:\_university\大四上\FP\LLM4AD\LLM4AD\MLEOH_3llm\all_results\20260304_195129\replication\eoh_obp_repro_3backends_20260304_195132\doubao\seed_3\best_program.txt,2026-03-04T21:36:29,2026-03-04T21:41:44,
replication,run,doubao,4,True,-2066.4,dc937b59892604f5a86ac96936cd7ff09e25f18ae6b758e8014a24c7fa039e91,E:\_university\大四上\FP\LLM4AD\LLM4AD\MLEOH_3llm\all_results\20260304_195129\replication\eoh_obp_repro_3backends_20260304_195132\doubao\seed_4\best_program.txt,2026-03-04T21:41:44,2026-03-04T21:48:04,
random,run,,0,True,-2091.8,dc937b59892604f5a86ac96936cd7ff09e25f18ae6b758e8014a24c7fa039e91,E:\_university\大四上\FP\LLM4AD\LLM4AD\MLEOH_3llm\all_results\20260304_195129\random\eoh_obp_random_router_3_20260304_214811\seed_0\best_program.txt,2026-03-04T21:48:11,2026-03-04T21:58:22,
random,run,,1,True,-2091.8,dc937b59892604f5a86ac96936cd7ff09e25f18ae6b758e8014a24c7fa039e91,E:\_university\大四上\FP\LLM4AD\LLM4AD\MLEOH_3llm\all_results\20260304_195129\random\eoh_obp_random_router_3_20260304_214811\seed_1\best_program.txt,2026-03-04T21:58:22,2026-03-04T22:06:39,
random,run,,2,True,-2089.6,dc937b59892604f5a86ac96936cd7ff09e25f18ae6b758e8014a24c7fa039e91,E:\_university\大四上\FP\LLM4AD\LLM4AD\MLEOH_3llm\all_results\20260304_195129\random\eoh_obp_random_router_3_20260304_214811\seed_2\best_program.txt,2026-03-04T22:06:39,2026-03-04T22:13:16,
random,run,,3,True,-2091.8,dc937b59892604f5a86ac96936cd7ff09e25f18ae6b758e8014a24c7fa039e91,E:\_university\大四上\FP\LLM4AD\LLM4AD\MLEOH_3llm\all_results\20260304_195129\random\eoh_obp_random_router_3_20260304_214811\seed_3\best_program.txt,2026-03-04T22:13:16,2026-03-04T22:19:05,
random,run,,4,True,-2066.4,dc937b59892604f5a86ac96936cd7ff09e25f18ae6b758e8014a24c7fa039e91,E:\_university\大四上\FP\LLM4AD\LLM4AD\MLEOH_3llm\all_results\20260304_195129\random\eoh_obp_random_router_3_20260304_214811\seed_4\best_program.txt,2026-03-04T22:19:05,2026-03-04T22:28:55,
static_rule,run,,0,True,-2089.6,dc937b59892604f5a86ac96936cd7ff09e25f18ae6b758e8014a24c7fa039e91,E:\_university\大四上\FP\LLM4AD\LLM4AD\MLEOH_3llm\all_results\20260304_195129\static_rule\eoh_obp_rule_router_3_20260304_222902\seed_0\best_program.txt,2026-03-04T22:29:02,2026-03-04T22:35:33,
static_rule,run,,1,True,-2089.6,dc937b59892604f5a86ac96936cd7ff09e25f18ae6b758e8014a24c7fa039e91,E:\_university\大四上\FP\LLM4AD\LLM4AD\MLEOH_3llm\all_results\20260304_195129\static_rule\eoh_obp_rule_router_3_20260304_222902\seed_1\best_program.txt,2026-03-04T22:35:33,2026-03-04T22:42:26,
static_rule,run,,2,True,-2091.8,dc937b59892604f5a86ac96936cd7ff09e25f18ae6b758e8014a24c7fa039e91,E:\_university\大四上\FP\LLM4AD\LLM4AD\MLEOH_3llm\all_results\20260304_195129\static_rule\eoh_obp_rule_router_3_20260304_222902\seed_2\best_program.txt,2026-03-04T22:42:26,2026-03-04T22:48:51,
static_rule,run,,3,True,-2091.8,dc937b59892604f5a86ac96936cd7ff09e25f18ae6b758e8014a24c7fa039e91,E:\_university\大四上\FP\LLM4AD\LLM4AD\MLEOH_3llm\all_results\20260304_195129\static_rule\eoh_obp_rule_router_3_20260304_222902\seed_3\best_program.txt,2026-03-04T22:48:51,2026-03-04T22:54:56,
static_rule,run,,4,True,-2056.4,dc937b59892604f5a86ac96936cd7ff09e25f18ae6b758e8014a24c7fa039e91,E:\_university\大四上\FP\LLM4AD\LLM4AD\MLEOH_3llm\all_results\20260304_195129\static_rule\eoh_obp_rule_router_3_20260304_222902\seed_4\best_program.txt,2026-03-04T22:54:56,2026-03-04T23:00:32,
bandit_learned,train,,0,True,-2089.6,36b1c02653f931c371ab91ccc5a03210944f6b719fb8cb4a7a94a46e0415f52e,E:\_university\大四上\FP\LLM4AD\LLM4AD\MLEOH_3llm\all_results\20260304_195129\bandit_learned\eoh_obp_bandit_train_3\seed_0\best_program.txt,2026-03-04T23:00:36,2026-03-04T23:12:00,
bandit_learned,train,,1,True,-2091.8,6255d06b67a22c684677a906398e157ec20882e3a19038679cdd92f86ce6d55f,E:\_university\大四上\FP\LLM4AD\LLM4AD\MLEOH_3llm\all_results\20260304_195129\bandit_learned\eoh_obp_bandit_train_3\seed_1\best_program.txt,2026-03-04T23:12:00,2026-03-04T23:23:13,
bandit_learned,train,,2,True,-2066.4,f75c5e40c4929708beaa2f910b0e6e1530a6c18816b16449b426d2540f08e680,E:\_university\大四上\FP\LLM4AD\LLM4AD\MLEOH_3llm\all_results\20260304_195129\bandit_learned\eoh_obp_bandit_train_3\seed_2\best_program.txt,2026-03-04T23:23:13,2026-03-04T23:32:53,
bandit_learned,train,,3,True,-2091.0,66efdf04ad06e231026ea2a766b3d38a84b6e9a63099c90f07480f78f97d725d,E:\_university\大四上\FP\LLM4AD\LLM4AD\MLEOH_3llm\all_results\20260304_195129\bandit_learned\eoh_obp_bandit_train_3\seed_3\best_program.txt,2026-03-04T23:32:53,2026-03-04T23:41:02,
bandit_learned,train,,4,True,-2089.6,1df2f48bd63b5134658ccfb3fb64e10be0cbc6b7cb650c80110cc1c5078c4791,E:\_university\大四上\FP\LLM4AD\LLM4AD\MLEOH_3llm\all_results\20260304_195129\bandit_learned\eoh_obp_bandit_train_3\seed_4\best_program.txt,2026-03-04T23:41:02,2026-03-04T23:48:20,
bandit_learned,test,,0,True,-2091.8,fc98a3ee8298c4f5a314fd63ec48d952c6361e383e7973fe8f9ddb083f5a45ed,E:\_university\大四上\FP\LLM4AD\LLM4AD\MLEOH_3llm\all_results\20260304_195129\bandit_learned\eoh_obp_bandit_test_3\seed_0\best_program.txt,2026-03-04T23:48:24,2026-03-04T23:52:13,
bandit_learned,test,,1,True,-2091.8,30a55efa38b434ee6af254b487402a3d691bd0bdd10db3743658ee4ecf0ee307,E:\_university\大四上\FP\LLM4AD\LLM4AD\MLEOH_3llm\all_results\20260304_195129\bandit_learned\eoh_obp_bandit_test_3\seed_1\best_program.txt,2026-03-04T23:52:13,2026-03-04T23:56:36,
bandit_learned,test,,2,True,-2091.8,c40b31bf9618f4bb5b3e9b03500d1c6d735dcf3df58dc0645daf5e58690f3cc2,E:\_university\大四上\FP\LLM4AD\LLM4AD\MLEOH_3llm\all_results\20260304_195129\bandit_learned\eoh_obp_bandit_test_3\seed_2\best_program.txt,2026-03-04T23:56:36,2026-03-05T00:00:42,
bandit_learned,test,,3,True,-2091.8,4608aa52cafe0d36bbf4865bbd81627bda5eb23b13d20df2c819f3c6f13d069a,E:\_university\大四上\FP\LLM4AD\LLM4AD\MLEOH_3llm\all_results\20260304_195129\bandit_learned\eoh_obp_bandit_test_3\seed_3\best_program.txt,2026-03-05T00:00:42,2026-03-05T00:05:32,
bandit_learned,test,,4,True,-2056.2,ee97bdba53d2c79b393782d5c139f5f7ab3321ea190ca3ce5cafaabeecc94ee4,E:\_university\大四上\FP\LLM4AD\LLM4AD\MLEOH_3llm\all_results\20260304_195129\bandit_learned\eoh_obp_bandit_test_3\seed_4\best_program.txt,2026-03-05T00:05:32,2026-03-05T00:09:42,
statistic_llmrouter,train,,0,True,-2042.4,fc7f5bb987ac3bc37a86e6809ded8d61d3a0861ab16b2038d9ec5b68363a117a,E:\_university\大四上\FP\LLM4AD\LLM4AD\MLEOH_3llm\all_results\20260304_195129\statistic_llmrouter\eoh_obp_llmrouter_train_3\seed_0\best_program.txt,2026-03-05T00:09:47,2026-03-05T00:23:40,
statistic_llmrouter,train,,1,True,-2089.0,b10ac4b8984a0f76f2eba265b12fa20305b83b59062f208497e4752ee323a7c1,E:\_university\大四上\FP\LLM4AD\LLM4AD\MLEOH_3llm\all_results\20260304_195129\statistic_llmrouter\eoh_obp_llmrouter_train_3\seed_1\best_program.txt,2026-03-05T00:23:40,2026-03-05T00:34:45,
statistic_llmrouter,train,,2,True,-2091.6,c15a08c4ddbecfeaa7de4c71e0e48120396d2f1b03c86eceec70f87bb8f49461,E:\_university\大四上\FP\LLM4AD\LLM4AD\MLEOH_3llm\all_results\20260304_195129\statistic_llmrouter\eoh_obp_llmrouter_train_3\seed_2\best_program.txt,2026-03-05T00:34:46,2026-03-05T00:45:49,
statistic_llmrouter,train,,3,True,-2091.0,f3117042b8025822a00fcdc8ae5164c5425d40ac7f9d4c0f79879e18ab985d82,E:\_university\大四上\FP\LLM4AD\LLM4AD\MLEOH_3llm\all_results\20260304_195129\statistic_llmrouter\eoh_obp_llmrouter_train_3\seed_3\best_program.txt,2026-03-05T00:45:49,2026-03-05T00:57:32,
statistic_llmrouter,train,,4,True,-2089.6,ca85199f8540340798591e0f38ee894eb397f8b5433846d40787ad0e2cba28b0,E:\_university\大四上\FP\LLM4AD\LLM4AD\MLEOH_3llm\all_results\20260304_195129\statistic_llmrouter\eoh_obp_llmrouter_train_3\seed_4\best_program.txt,2026-03-05T00:57:32,2026-03-05T01:09:48,
statistic_llmrouter,test,,0,True,-2091.8,219f393f309fff5702316e4de1368a2f4a294e5a45c12257b0942dc0d8c46c7e,E:\_university\大四上\FP\LLM4AD\LLM4AD\MLEOH_3llm\all_results\20260304_195129\statistic_llmrouter\eoh_obp_llmrouter_test_3\seed_0\best_program.txt,2026-03-05T01:09:54,2026-03-05T01:17:12,
statistic_llmrouter,test,,1,True,-2091.8,0d7b4c29d6f542c5b33212af92981e295e460780440d4bb2e3c0af4a4af053fa,E:\_university\大四上\FP\LLM4AD\LLM4AD\MLEOH_3llm\all_results\20260304_195129\statistic_llmrouter\eoh_obp_llmrouter_test_3\seed_1\best_program.txt,2026-03-05T01:17:12,2026-03-05T01:24:23,
statistic_llmrouter,test,,2,True,-2091.8,d9e5af7c6917250924a01781235abf3095a5b152bc0bc76ab9a57c7296e70eb6,E:\_university\大四上\FP\LLM4AD\LLM4AD\MLEOH_3llm\all_results\20260304_195129\statistic_llmrouter\eoh_obp_llmrouter_test_3\seed_2\best_program.txt,2026-03-05T01:24:23,2026-03-05T01:31:59,
statistic_llmrouter,test,,3,True,-2091.4,7a659609f1204ce0872e69c0f65a800c492c7a1c2c6e3c705e837b6629113793,E:\_university\大四上\FP\LLM4AD\LLM4AD\MLEOH_3llm\all_results\20260304_195129\statistic_llmrouter\eoh_obp_llmrouter_test_3\seed_3\best_program.txt,2026-03-05T01:31:59,2026-03-05T01:39:18,
statistic_llmrouter,test,,4,True,-2091.4,de07f6f8eed4511593dbe0c7196eb821bf6347c0622800b319f0600e14864d68,E:\_university\大四上\FP\LLM4AD\LLM4AD\MLEOH_3llm\all_results\20260304_195129\statistic_llmrouter\eoh_obp_llmrouter_test_3\seed_4\best_program.txt,2026-03-05T01:39:18,2026-03-05T01:46:55,
textgrad_router,train,,0,True,-2089.6,c33f25bb6f80a5ee9d531cc863e33f8b583f18fa3edbf15b7920c19637631a18,E:\_university\大四上\FP\LLM4AD\LLM4AD\MLEOH_3llm\all_results\20260304_195129\textgrad_router\eoh_obp_textgrad_train_3\seed_0\best_program.txt,2026-03-05T01:47:00,2026-03-05T02:03:50,
textgrad_router,train,,1,True,-2056.4,dacc28860b3841eee154176bc54f78625c9efaca187668b101e42bfdff4d83e3,E:\_university\大四上\FP\LLM4AD\LLM4AD\MLEOH_3llm\all_results\20260304_195129\textgrad_router\eoh_obp_textgrad_train_3\seed_1\best_program.txt,2026-03-05T02:03:50,2026-03-05T02:16:55,
textgrad_router,train,,2,True,-2089.6,fd609eab7fef1e881f4b987a2bd73e0c9a2704e5338b95e2391893c839fcd34b,E:\_university\大四上\FP\LLM4AD\LLM4AD\MLEOH_3llm\all_results\20260304_195129\textgrad_router\eoh_obp_textgrad_train_3\seed_2\best_program.txt,2026-03-05T02:16:55,2026-03-05T02:49:23,
textgrad_router,train,,3,True,-2089.6,ef8656e12fc8bb1f075a78a566480912db29857fda6e60fcbbbccb6c2d9c8c7a,E:\_university\大四上\FP\LLM4AD\LLM4AD\MLEOH_3llm\all_results\20260304_195129\textgrad_router\eoh_obp_textgrad_train_3\seed_3\best_program.txt,2026-03-05T02:49:23,2026-03-05T03:02:15,
textgrad_router,train,,4,True,-2091.8,d3f88bcd6e04a3aa88e89dbbcbc06f2fa5576c9f25d4c8990503c00fafd888e8,E:\_university\大四上\FP\LLM4AD\LLM4AD\MLEOH_3llm\all_results\20260304_195129\textgrad_router\eoh_obp_textgrad_train_3\seed_4\best_program.txt,2026-03-05T03:02:15,2026-03-05T03:13:29,
textgrad_router,test,,0,True,-2091.8,cafaf74a1733719d586d92206124f161e506e4d74c2c1f11d4b2b45d69d0590f,E:\_university\大四上\FP\LLM4AD\LLM4AD\MLEOH_3llm\all_results\20260304_195129\textgrad_router\eoh_obp_textgrad_test_3\seed_0\best_program.txt,2026-03-05T03:13:33,2026-03-05T03:19:54,
textgrad_router,test,,1,True,-2066.4,7040eddd492ae04612d103ed9d2dee01f03f1efaeb3d2af5359281c3f324f1bc,E:\_university\大四上\FP\LLM4AD\LLM4AD\MLEOH_3llm\all_results\20260304_195129\textgrad_router\eoh_obp_textgrad_test_3\seed_1\best_program.txt,2026-03-05T03:19:54,2026-03-05T03:26:38,
textgrad_router,test,,2,True,-2089.6,7e60b3d21bd63e73cd5dc0de562314ee56f67c4cf256a5fec42a416af6487cdc,E:\_university\大四上\FP\LLM4AD\LLM4AD\MLEOH_3llm\all_results\20260304_195129\textgrad_router\eoh_obp_textgrad_test_3\seed_2\best_program.txt,2026-03-05T03:26:38,2026-03-05T03:33:05,
textgrad_router,test,,3,True,-2089.6,42cbda76f9bd896e646e4d0a0bc0f0db6bffe0cdb5af95f6f5f05efebb1f6d22,E:\_university\大四上\FP\LLM4AD\LLM4AD\MLEOH_3llm\all_results\20260304_195129\textgrad_router\eoh_obp_textgrad_test_3\seed_3\best_program.txt,2026-03-05T03:33:05,2026-03-05T03:39:24,
textgrad_router,test,,4,True,-2089.6,f920da00ec86cbadb8535a67900c3b33a079129139234f602e1b99e21f56adcc,E:\_university\大四上\FP\LLM4AD\LLM4AD\MLEOH_3llm\all_results\20260304_195129\textgrad_router\eoh_obp_textgrad_test_3\seed_4\best_program.txt,2026-03-05T03:39:24,2026-03-05T03:45:51,
textgrad_router_beta,train,,0,True,-2091.8,7b015e11d16b885fb4a741e5cec7c74da0d8e0735761fc1444b018cbec970ff9,E:\_university\大四上\FP\LLM4AD\LLM4AD\MLEOH_3llm\all_results\20260304_195129\textgrad_router_beta\eoh_obp_textgrad_train_named\seed_0\best_program.txt,2026-03-05T03:45:55,2026-03-05T04:30:48,
textgrad_router_beta,train,,1,True,-2091.0,bf575101b13c77b2a7198e0a4ccbea4babc4bce6cd54aefb2a8b7a4a7ded0574,E:\_university\大四上\FP\LLM4AD\LLM4AD\MLEOH_3llm\all_results\20260304_195129\textgrad_router_beta\eoh_obp_textgrad_train_named\seed_1\best_program.txt,2026-03-05T04:30:48,2026-03-05T04:55:55,
textgrad_router_beta,train,,2,True,-2091.8,6863368c2ec716b166a0d8a87412f2c7e3e41d61dd33f6b6537b207dfbc4f6e4,E:\_university\大四上\FP\LLM4AD\LLM4AD\MLEOH_3llm\all_results\20260304_195129\textgrad_router_beta\eoh_obp_textgrad_train_named\seed_2\best_program.txt,2026-03-05T04:55:55,2026-03-05T05:18:57,
textgrad_router_beta,train,,3,True,-2090.2,670bea9c2495d774c61bb8fcdb77159a8b480fad2e26879b0989c2c90d46fc4e,E:\_university\大四上\FP\LLM4AD\LLM4AD\MLEOH_3llm\all_results\20260304_195129\textgrad_router_beta\eoh_obp_textgrad_train_named\seed_3\best_program.txt,2026-03-05T05:18:57,2026-03-05T05:43:42,
textgrad_router_beta,train,,4,True,-2091.4,a774f63d5de05247a9ad2e7f8a4e53160a48693678e168a6678da90d63f9fc82,E:\_university\大四上\FP\LLM4AD\LLM4AD\MLEOH_3llm\all_results\20260304_195129\textgrad_router_beta\eoh_obp_textgrad_train_named\seed_4\best_program.txt,2026-03-05T05:43:42,2026-03-05T06:11:50,
textgrad_router_beta,test,,0,True,-2091.8,4570f586ff04d0d894a7d5979e687699443384b3ae364bafe87c1917e4e323c9,E:\_university\大四上\FP\LLM4AD\LLM4AD\MLEOH_3llm\all_results\20260304_195129\textgrad_router_beta\eoh_obp_textgrad_test_named\seed_0\best_program.txt,2026-03-05T06:11:58,2026-03-05T06:25:29,
textgrad_router_beta,test,,1,True,-2091.8,f5e5a09e8235e59a46008d0a21b76927496a45c38e4ad0e0a9d7d8f56d3d239b,E:\_university\大四上\FP\LLM4AD\LLM4AD\MLEOH_3llm\all_results\20260304_195129\textgrad_router_beta\eoh_obp_textgrad_test_named\seed_1\best_program.txt,2026-03-05T06:25:29,2026-03-05T06:39:53,
textgrad_router_beta,test,,2,True,-2091.8,42bef859c53f59397cd12ec653c2140205539606c8515860cbb0ee69d96dace3,E:\_university\大四上\FP\LLM4AD\LLM4AD\MLEOH_3llm\all_results\20260304_195129\textgrad_router_beta\eoh_obp_textgrad_test_named\seed_2\best_program.txt,2026-03-05T06:39:53,2026-03-05T06:53:59,
textgrad_router_beta,test,,3,True,-2089.8,de63d2d183b76afb4b2aaac648a8a2592a516a5899f26c9b7665a1b5852acd2a,E:\_university\大四上\FP\LLM4AD\LLM4AD\MLEOH_3llm\all_results\20260304_195129\textgrad_router_beta\eoh_obp_textgrad_test_named\seed_3\best_program.txt,2026-03-05T06:53:59,2026-03-05T07:07:27,
textgrad_router_beta,test,,4,True,-2091.8,7261fddd13c6d22b80fa1c53ec9630d044e03ad0e2b872cffdb0fd46b8f8d0da,E:\_university\大四上\FP\LLM4AD\LLM4AD\MLEOH_3llm\all_results\20260304_195129\textgrad_router_beta\eoh_obp_textgrad_test_named\seed_4\best_program.txt,2026-03-05T07:07:27,2026-03-05T07:20:16,
